video_id,channel_id,published_at,title,description,tags,category_id,duration,caption,licensed_content,default_language,content_rating,view_count,like_count,favourite_count,comment_count,extraction_date
LciDiBeBCyY,UCteRPiisgIoHtMgqHegpWAQ,2023-12-15T15:00:16Z,How to Build Custom ChatGPTs to Learn FAST ğŸ¤“,"Get your Excel data visualization template (free) ğŸ‘‰ğŸ¼ https://clickhubspot.com/3pk

OpenAI launched customer GPTs and it's changing the way how we use gen AI. In this video, I walk you through how to built your own custom GPT and go over Python Teacher & Data Analyst GPT to learn things fast. What are your thoughts on custom GPT?

$100k in AWS credits to jump-start you startup  ğŸ‘‰ğŸ¼ https://rmbrnd.com/AWS-credits
Virtual product placement by Rembrand (https://www.rembrand.com)

GPT Marketplace: https://bit.ly/gpt-marketplace

WATCH THESE VIDEOS NEXT
My Self-Taught Data Science Journey: https://youtu.be/34r9OwjysDM
How I Would Learn Data Science in 2023: https://youtu.be/ZWgRvW8d_N4
Harsh Reality of Being a Data Scientist? https://youtu.be/pn0PUY0jwGQ

Try AI for coding & data analysis:
ğŸ… Julius AI for data analysis ğŸ‘‰ğŸ¼ https://julius.ai/?via=Sundas

~~~ CERTIFICATES & COURSES ~~~ 

Data Scientist 

ğŸ“Š Data Science Certificate ğŸ‘‰ğŸ¼ https://imp.i384100.net/DataScienceCert
ğŸ…Â Data Science Bootcamp ğŸ‘‰ğŸ¼Â https://bit.ly/data-scientist-bootcamp
ğŸŒÂ Data Scientist Bootcamp  ğŸ‘‰ğŸ¼Â https://bit.ly/data-scientist-bootcamp

Data Analyst

ğŸ… Google Data Analytics Certificate ğŸ‘‰ğŸ¼ https://imp.i384100.net/GoogleDataCert
ğŸ…ğŸ… Google Advanced Data Analytics Certificate ğŸ‘‰ğŸ¼ https://imp.i384100.net/advanced-data-analyst
âš¡ IBM Data Analytics Certificate ğŸ‘‰ğŸ¼ https://imp.i384100.net/ibm-data-analyst
ğŸ“Š  Microsoft BI Data Analyst Certificate ğŸ‘‰ğŸ¼  https://imp.i384100.net/msft-dataanalyst
ğŸ“‘Â Cyber Security Analyst ğŸ‘‰ğŸ¼ http://imp.i384100.net/cybersecurity
ğŸÂ Meta Marketing Analytics Certificate ğŸ‘‰ğŸ¼ http://imp.i384100.net/meta-analytics

Data Engineer

ğŸ“Š  Meta Data Engineer Certificate ğŸ‘‰ğŸ¼Â http://imp.i384100.net/meta-dataengineer
âš¡Â IBM Data Engineer ğŸ‘‰ğŸ¼ http://imp.i384100.net/data-engineer

Python 

ğŸ Python for Everybody ğŸ‘‰ğŸ¼ https://imp.i384100.net/PythonSpec
âš¡Â Python for Data Science ğŸ‘‰ğŸ¼Â https://bit.ly/python-data-science-ml
ğŸ“‘Â Python for Data Visualization ğŸ‘‰ğŸ¼Â https://bit.ly/python-data-viz
ğŸ…Â Python Pandas ğŸ‘‰ğŸ¼Â https://bit.ly/python-pandas-data-analysis

SQL 

âš¡ SQL Basics for Data Science ğŸ‘‰ğŸ¼ https://imp.i384100.net/SQLforDS
ğŸ…Â SQL Bootcamp ğŸ‘‰ğŸ¼ https://bit.ly/sql-bootcamps

Machine Learning

ğŸ…Â Machine Learning Bootcamp ğŸ‘‰ğŸ¼Â https://bit.ly/machine-learning-atoz
âš™ï¸ Machine Learning Specialization ğŸ‘‰ğŸ¼ https://imp.i384100.net/ML
âš¡Â Deep Learning ğŸ‘‰ğŸ¼ https://imp.i384100.net/deeplearning
âš™ï¸Â AI Engineer Certificate https://imp.i384100.net/AI

Statistics 

âš™ï¸Â Statistics for Data Analysis  ğŸ‘‰ğŸ¼Â https://bit.ly/statistics-data-scienc
ğŸ“‘ Intro to Statistics ğŸ‘‰ğŸ¼ https://imp.i384100.net/Stats

EXCEL 

ğŸ¨ Excel for Data Analysis ğŸ‘‰ğŸ¼Â https://imp.i384100.net/Excel
âœï¸Â IBM Data Analysis in Excel & R Certificate ğŸ‘‰ğŸ¼Â https://bit.ly/data-scientist-bootcamp

ğŸŒ ALL COURSES ğŸ‘‰ğŸ¼ https://kit.co/SundasKhalid
ğŸ… Practice Coding Interviews ğŸ‘‰ğŸ¼ https://www.stratascratch.com/?via=sundas

~~~~~~~~~~~~~~~~~~~~~~~~~~~ 

MY FAVORITE TOOLS
ğŸ“š Read Books FAST on Shortform ğŸ‘‰ğŸ¼ https://www.shortform.com/sundas
âœï¸ Coursera Plus 7 day free trial ğŸ‘‰ğŸ¼ https://imp.i384100.net/CourseraPlus 
ğŸ… Practice Coding Interviews ğŸ‘‰ğŸ¼ https://www.stratascratch.com/?via=sundas
ğŸ… Julius AI for data analysis ğŸ‘‰ğŸ¼ https://julius.ai/?via=Sundas
âœï¸ Get 20% HubSpot Discount ğŸ‘‰ğŸ¼ https://hubspot.sjv.io/c/3311887/1863476/12893

SUBSCRIBE FOR MORE VIDEOS
https://www.youtube.com/sundaskhalid?sub_confirmation=1

0:00 What is a GPT?
0:30 Data Analyst Consultant GPT 
5:04 data visualization in Excel (HubSpot)
5:59 Python Teacher GPT 
7:53 How to create a custom GPT?
8:45 Data Science GPT 
11:33 Access GPT Marketplace 

BINGE THESE PLAYLISTS NEXT 
Starting in Data Science: https://youtube.com/playlist?list=PLNvMRDyXHRnfRw-wJa4BSUdZjtnBEXkGH
Learn SQL: https://www.youtube.com/playlist?list=PLNvMRDyXHRne8qEj3Uipdt4eqkmN1z7bG
The Tech Lounge: https://www.youtube.com/playlist?list=PLNvMRDyXHRneiXWLSPJX2ZhMp09bpSJkV

ABOUT ME
I'm Sundas. I'm a self-taught data scientist from a non-tech background, currently at a FAANG company. I have been in the industry for +10 years spread across two big tech companies. On this channel, I share tips for people interested in entering data science with the goal to democratize knowledge and make complicated topics digestible for everyone. Learn more at https://sundaskhalid.com All opinions are mine! 

PS. Some of the links included are affiliate links and help me keep this channel going. Thanks for the support. 

Business inquiries: info@careerpy.com

#chatgpt #python #dataanalyst","['data science', 'data scientist', 'self-taugh data scientist', 'big tech', 'Machine Learning', 'Python', 'data science projects', 'data science tutorials', 'data science jobs', 'AI', 'big data', 'data analyst', 'data analytics', 'business analyst', 'sundas khalid', 'women of color in tech', 'people of color in tech', 'inspiring stories', 'data science at google', 'chatgpt', 'python roadmap 2023', 'python for data science', 'pandas', 'numpy', 'learn python with chatgpt', 'chatgpt hacking', 'coding with chatgpt', 'bard', 'custom gpt']",28,PT12M,true,True,en-US,{},3360,183,0,16,2023-12-18 23:00:52
56i1uBshzmA,UCJublDh2UsiIKsAE1553miw,2023-12-15T13:00:08Z,My Favorite Stack Question! | Daily Temperatures - Leetcode 739,"leetcode, coding interview question, data structures, data structures and algorithms, faang","['leetcode', 'coding interview question', 'data structures', 'data structures and algorithms', 'backtracking', 'permutations']",27,PT58S,false,True,en,{},23584,1015,0,14,2023-12-18 23:00:52
OPyoXx0yA0I,UCVhQ2NnY5Rskt6UjCUkJ_DA,2023-12-15T16:00:16Z,Requests vs Httpx vs Aiohttp | Which One to Pick?,"Exploring API communication in your app, considering requests vs httpx? Or maybe even aiohttp?! In this video, Iâ€™ll share with you my preferred choice and why you should consider it as well.

Git repo: https://git.arjan.codes/2023/httpx

ğŸ‘· Join the FREE Code Diagnosis Workshop to help you review code more effectively using my 3-Factor Diagnosis Framework: https://www.arjancodes.com/diagnosis

ğŸ’» ArjanCodes Blog: https://www.arjancodes.com/blog

âœğŸ» Take a quiz on this topic: https://www.learntail.com/quiz/dxgeth

Try Learntail for FREE â¡ï¸ https://www.learntail.com/

ğŸ“ Courses:
The Software Designer Mindset: https://www.arjancodes.com/mindset
The Software Architect Mindset: Pre-register now! https://www.arjancodes.com/architect
Next Level Python: Become a Python Expert: https://www.arjancodes.com/next-level-python
The 30-Day Design Challenge: https://www.arjancodes.com/30ddc

ğŸ›’ GEAR & RECOMMENDED BOOKS: https://kit.co/arjancodes.

ğŸ‘ If you enjoyed this content, give this video a like. If you want to watch more of my upcoming videos, consider subscribing to my channel!

Social channels:
ğŸ’¬ Discord: https://discord.arjan.codes
ğŸ¦Twitter: https://twitter.com/arjancodes
ğŸŒLinkedIn: https://www.linkedin.com/company/arjancodes
ğŸ•µFacebook: https://www.facebook.com/arjancodes
ğŸ“±Instagram: https://www.instagram.com/arjancodes
â™ª Tiktok: https://www.tiktok.com/@arjancodes

ğŸ‘€ Code reviewers:
- Yoriz
- Ryan Laursen
- Dale Hagglund

ğŸ¥ Video edited by Mark Bacskai: https://www.instagram.com/bacskaimark

ğŸ”– Chapters:
0:00 Intro
0:45 Popularity
2:05 Requests
6:43 Aiohttp
8:40 Httpx
10:26 Concurrent requests
13:33 Licenses
14:49 Outro

#arjancodes #softwaredesign #python

DISCLAIMER - The links in this description might be affiliate links. If you purchase a product or service through one of those links, I may receive a small commission. There is no additional charge to you. Thanks for supporting my channel so I can continue to provide you with free content each week!","['requests vs httpx', 'httpx', 'python requests', 'python requests api', 'aiohttp', 'aiohttp vs httpx', 'requests aiohttp httpx', 'http', 'python http', 'learn python', 'python tutorial', 'http requests', 'http requests python', 'httpx python', 'http requests tutorial', 'httpx async', 'httpx vs requests', 'httpx vs aiohttp', 'aiohttp api', 'aiohttp request', 'python async tutorial', 'python async requests', 'asynchronous programming python', 'asynchronous programming', 'async requests', 'python async', 'python asyncio aiohttp']",27,PT15M11S,true,True,en-US,{},15377,1067,0,61,2023-12-18 23:00:52
WjhKxXCwFZA,UCzL_0nIe8B4-7ShhVPfJkgw,2023-12-15T18:47:11Z,Data Analytics and Generative AI,"Generative AI is a rapidly evolving field with the potential to revolutionize the way we do data analytics. In this hands-on session on data analytics and generative AI, you will learn:
1. How generative AI can be used to streamline analytics tasks using Python and Power BI
2. The role that generative AI is playing in the analytics workforce and how it is changing the way we work
3. Real-world examples, use cases, and practical insights

Table of Contents:
0:00 Introduction
4:50 What is Generative AI
9:42 Generative Language Models
11:04 Generative Image Models
13:30 Generative AI Landscape
19:06 Role of Generative AI in the Workforce
20:00 Understanding Data Analytics
23:10 Generative AI in Analytics
43:00 QnA

Here's more to explore in Large Language Models:
ğŸ’¼ Learn to build LLM-powered apps in just 40 hours with our Large Language Models bootcamp: https://hubs.la/Q01ZZGL-0 

Dive deeper into Generative AI and Large Language Models with this playlist: https://www.youtube.com/playlist?list=PL8eNk_zTBST9QRoBroh6KH7DKYB8JVKGA

#generativeai #datanalytics","['data analytics', 'generative ai', 'large langauge models', 'llms', 'language models']",27,PT55M18S,true,False,en-US,{},146,5,0,0,2023-12-18 23:00:52
NI1Psgs1tyI,UCzL_0nIe8B4-7ShhVPfJkgw,2023-12-15T16:35:30Z,Enterprise LLM Applications - Not Just a Technological Challenge,"Generative Al and Large Language Models have taken the world by storm. Applications like Bard, ChatGPT, Midjourney, and Dall.E crossed the proverbial chasm of technology adoption lifecycle; some applications like content generation and summarization have entered the mainstream. A large number of enterprise use cases of LLM applications still remain challenging. There are inherent challenges for a lot of tasks that require a deeper understanding of trade-offs like latency, accuracy, and consistency of responses. Any serious application of LLMs requires an understanding of nuances in how LLMs work, embeddings, vector databases, and retrieval.

This introductory tutorial will introduce the audience to prevalent approaches to building a custom large language model application. We will present a canonical architecture for an LLM application and various available commercial and open-source tools and technologies available to build these applications.

No prior background in Generative AI or LLMs is necessary to attend this talk.

*Please note: This is an in-person event taking place in Redmond, Washington that will be live-streamed.",[],24,P0D,false,False,en-US,{},0,0,0,0,2023-12-18 23:00:52
H8nm5a99_DA,UCObs0kLIrDjX2LLSybqNaEA,2023-12-15T13:30:06Z,From India to US: Exploring Masters and Job Opportunities,"Welcome to the sixth episode of the Study Abroad Podcast by Great Learning, hosted by Shweta Gupta. This episode follows the journey of Ateiv Jain, an expert in network infrastructures, who brings insights from his journey as a student and to the US and his enriching experience as a STEM graduate.


Listen in to know more about his experience of studying overseas, exposure to amazing opportunities while pursuing Masters at San Jose State University and tips on how to make the most of this experience as an immigrant student in the US

Check out our StudyAbroad programs for more details: https://bit.ly/3sol0I8

Great Learning is a global ed-tech company offering industry-relevant certificate and degree programs. This includes study abroad MS & MBA programs in collaboration with top universities in the US. Great Learning is on a mission to enable transformative learning and career success in the digital economy and has impacted 9 million+ learners from over 170 countries.

Whether you're already on your study abroad journey or just considering it, this episode will provide invaluable insights to help you make informed decisions about your academic future. Don't miss out on the chance to open doors to a world of opportunities. Tune in and subscribe to ""The Study Abroad Podcast"" to stay informed about the latest trends in international education.

Your dream of pursuing an MS or MBA in the US is just a listen away!","['Great Learning', 'Data Analytics', 'Data Science', 'Big Data', 'Machine learning', 'Artificial Intelligence', 'Great Learning Academy', 'free courses']",27,PT37M32S,false,False,,{},362,7,0,1,2023-12-18 23:00:52
0wIDVTUWU3c,UCJublDh2UsiIKsAE1553miw,2023-12-16T13:00:02Z,Facebook Asked This Coding Question 50 TIMES!!! | 3Sum - Leetcode 15,"leetcode, coding interview question, data structures, data structures and algorithms, faang","['leetcode', 'coding interview question', 'data structures', 'data structures and algorithms', 'backtracking', 'permutations']",27,PT58S,false,True,en,{},9429,539,0,14,2023-12-18 23:00:52
3QvcSvWb9es,UCJublDh2UsiIKsAE1553miw,2023-12-16T01:00:01Z,I Couldn't Get This Coding Question - Can You? | Find Minimum in Rotated Sorted Array - Leetcode 153,"leetcode, coding interview question, data structures, data structures and algorithms, faang","['leetcode', 'coding interview question', 'data structures', 'data structures and algorithms', 'backtracking', 'permutations']",27,PT1M,false,True,en,{},12559,625,0,34,2023-12-18 23:00:52
tjo9NJBmExM,UCzL_0nIe8B4-7ShhVPfJkgw,2023-12-15T23:51:29Z,Vector Embeddings for Semantic Search,"In today's information-rich world, the ability to retrieve relevant information effectively is essential. This lecture explores the transformative power of vector embeddings, revolutionizing information retrieval by capturing semantic meaning and context. 

We'll delve into:
- The fundamental concepts of vector embeddings and their role in semantic search
- Techniques for creating meaningful vector representations of text and data
- Algorithmic approaches for efficient vector similarity search and retrieval
- Practical strategies for applying vector embeddings in information retrieval systems

Key takeaways:
- Understand the theoretical underpinnings of vector embeddings and their significance in semantic search.
- Learn about different embedding techniques for transforming text and data into vector representations.
- Grasp the principles of vector similarity search algorithms and their performance considerations.
- Develop strategies for incorporating vector embeddings to enhance relevance and precision in information retrieval systems.",[],24,P0D,false,False,en-US,{},0,3,0,0,2023-12-18 23:00:52
9Oh-hDT_VaY,UCNU_lfiiWBdtULKOw6X0Dig,2023-12-17T12:32:34Z,Power Of Open Source Contribution-50+ End To End Data Science Projects Contributed By You All,"Start Contributing in Open Source Projects
The-Grand-Complete-Data-Science-Materials
https://github.com/krishnaik06/The-Grand-Complete-Data-Science-Materials
------------------------------------------------------------------------------------------------------
Complete Langchain Playlist: 
https://www.youtube.com/watch?v=4O1rs7mrNDo&list=PLZoTAELRMXVORE4VF7WQ_fAl0L1Gljtar
--------------------------------------------------------------------------------------------------------
Support me by joining membership so that I can upload these kind of videos
https://www.youtube.com/channel/UCNU_lfiiWBdtULKOw6X0Dig/join
------------------------------------------------------------------------------------------------------------------------------
â–ºData Science Projects: 
https://www.youtube.com/watch?v=S_F_c9e2bz4&list=PLZoTAELRMXVPS-dOaVbAux22vzqdgoGhG&pp=iAQB

â–ºLearn In One Tutorials

Statistics in 6 hours: https://www.youtube.com/watch?v=LZzq1zSL1bs&t=9522s&pp=ygUVa3Jpc2ggbmFpayBzdGF0aXN0aWNz

Machine Learning In 6 Hours: https://www.youtube.com/watch?v=JxgmHe2NyeY&t=4733s&pp=ygUba3Jpc2ggbmFpayBtYWNoaW5lIGxlYXJuaW5n

Deep Learning 5 hours : https://www.youtube.com/watch?v=d2kxUVwWWwU&t=1210s&pp=ygUYa3Jpc2ggbmFpayBkZWVwIGxlYXJuaW5n

â–ºLearn In a Week Playlist

Statistics:https://www.youtube.com/watch?v=11unm2hmvOQ&list=PLZoTAELRMXVMgtxAboeAx-D9qbnY94Yay

Machine Learning : https://www.youtube.com/watch?v=z8sxaUw_f-M&list=PLZoTAELRMXVPjaAzURB77Kz0YXxj65tYz

Deep Learning:https://www.youtube.com/watch?v=8arGWdq_KL0&list=PLZoTAELRMXVPiyueAqA_eQnsycC_DSBns

NLP : https://www.youtube.com/watch?v=w3coRFpyddQ&list=PLZoTAELRMXVNNrHSKv36Lr3_156yCo6Nn

â–ºDetailed Playlist:
Python Detailed Playlist: https://www.youtube.com/watch?v=bPrmA1SEN2k&list=PLZoTAELRMXVNUL99R4bDlVYsncUNvwUBB&pp=gAQB
Python playlit in Hindi: https://www.youtube.com/watch?v=MJd9d9Mpxg0&list=PLTDARY42LDV4qqiJd1Z1tShm3mp9-rP4v
Stats For Data Science In Hindi : https://www.youtube.com/watch?v=7y3XckjaVOw&list=PLTDARY42LDV6YHSRo669_uDDGmUEmQnDJ&pp=gAQB
Machine Learning In English : https://www.youtube.com/watch?v=bPrmA1SEN2k&list=PLZoTAELRMXVPBTrWtJkn3wWQxZkmTXGwe
Machine Learning In Hindi : https://www.youtube.com/watch?v=7uwa9aPbBRU&list=PLTDARY42LDV7WGmlzZtY-w9pemyPrKNUZ&pp=gAQB
Complete Deep Learning: https://www.youtube.com/watch?v=YFNKnUhm_-s&list=PLZoTAELRMXVPGU70ZGsckrMdr0FteeRUi","['yt:cc=on', 'end to end ml projects', 'end to edn langchain projects', 'end to end deep elarning projects', 'end to end nlp projects', 'end to end data science projects', 'machine learnign tutorials', 'deep learning tutorials']",27,PT6M6S,false,True,,{},13803,724,0,32,2023-12-18 23:00:52
kX9iZTQNDb4,UCJublDh2UsiIKsAE1553miw,2023-12-17T13:00:36Z,FAANG Interview Linked List Question! | Remove Nth Node From End of List - Leetcode 19,"leetcode, coding interview question, data structures, data structures and algorithms, faang","['leetcode', 'coding interview question', 'data structures', 'data structures and algorithms', 'backtracking', 'permutations']",27,PT1M,false,True,en,{},9141,468,0,8,2023-12-18 23:00:52
qvRzYkLVmKI,UCJublDh2UsiIKsAE1553miw,2023-12-17T01:00:31Z,The Ultimate Linked List Question! | Copy List With Random Pointer - Leetcode 138,"leetcode, coding interview question, data structures, data structures and algorithms, faang","['leetcode', 'coding interview question', 'data structures', 'data structures and algorithms', 'backtracking', 'permutations']",27,PT59S,false,True,en,{},4821,333,0,4,2023-12-18 23:00:52
zT-cc1IblsQ,UCNU_lfiiWBdtULKOw6X0Dig,2023-12-18T14:51:44Z,Complete MLOPS Platform To Build LLMs Application In PostgresML-Bring ML code to your Database,"PostgresML is a complete MLOps platform in a PostgreSQL extension. Build simpler, faster and more scalable models right inside your database.
Try PostgreML: https://rebrand.ly/PostgresMLKrish

Support me by joining membership so that I can upload these kind of videos
https://www.youtube.com/channel/UCNU_lfiiWBdtULKOw6X0Dig/join
------------------------------------------------------------------------------------------------------------------------------
â–ºData Science Projects: 
https://www.youtube.com/watch?v=S_F_c9e2bz4&list=PLZoTAELRMXVPS-dOaVbAux22vzqdgoGhG&pp=iAQB

â–ºLearn In One Tutorials

Statistics in 6 hours: https://www.youtube.com/watch?v=LZzq1zSL1bs&t=9522s&pp=ygUVa3Jpc2ggbmFpayBzdGF0aXN0aWNz

Machine Learning In 6 Hours: https://www.youtube.com/watch?v=JxgmHe2NyeY&t=4733s&pp=ygUba3Jpc2ggbmFpayBtYWNoaW5lIGxlYXJuaW5n

Deep Learning 5 hours : https://www.youtube.com/watch?v=d2kxUVwWWwU&t=1210s&pp=ygUYa3Jpc2ggbmFpayBkZWVwIGxlYXJuaW5n

â–ºLearn In a Week Playlist

Statistics:https://www.youtube.com/watch?v=11unm2hmvOQ&list=PLZoTAELRMXVMgtxAboeAx-D9qbnY94Yay

Machine Learning : https://www.youtube.com/watch?v=z8sxaUw_f-M&list=PLZoTAELRMXVPjaAzURB77Kz0YXxj65tYz

Deep Learning:https://www.youtube.com/watch?v=8arGWdq_KL0&list=PLZoTAELRMXVPiyueAqA_eQnsycC_DSBns

NLP : https://www.youtube.com/watch?v=w3coRFpyddQ&list=PLZoTAELRMXVNNrHSKv36Lr3_156yCo6Nn

â–ºDetailed Playlist:
Python Detailed Playlist: https://www.youtube.com/watch?v=bPrmA1SEN2k&list=PLZoTAELRMXVNUL99R4bDlVYsncUNvwUBB&pp=gAQB
Python playlit in Hindi: https://www.youtube.com/watch?v=MJd9d9Mpxg0&list=PLTDARY42LDV4qqiJd1Z1tShm3mp9-rP4v
Stats For Data Science In Hindi : https://www.youtube.com/watch?v=7y3XckjaVOw&list=PLTDARY42LDV6YHSRo669_uDDGmUEmQnDJ&pp=gAQB
Machine Learning In English : https://www.youtube.com/watch?v=bPrmA1SEN2k&list=PLZoTAELRMXVPBTrWtJkn3wWQxZkmTXGwe
Machine Learning In Hindi : https://www.youtube.com/watch?v=7uwa9aPbBRU&list=PLTDARY42LDV7WGmlzZtY-w9pemyPrKNUZ&pp=gAQB
Complete Deep Learning: https://www.youtube.com/watch?v=YFNKnUhm_-s&list=PLZoTAELRMXVPGU70ZGsckrMdr0FteeRUi","['yt::cc=on', 'postgresml', 'postgresml tutorials', 'bring ml code to your dtabase', 'machine learning tutorials', 'deep learni']",27,PT17M37S,false,True,,{},3546,192,0,12,2023-12-18 23:00:52
aRE7Nxb3Qfs,UCJublDh2UsiIKsAE1553miw,2023-12-18T22:00:02Z,Two Sum - Leetcode 1 - Explanation + Python Solution,"Learn Python and Data Science at https://mlnow.ai :)

Best Courses for Analytics:
---------------------------------------------------------------------------------------------------------
+ IBM Data Science (Python):  https://bit.ly/3Rn00ZA
+ Google Analytics (R):   https://bit.ly/3cPikLQ
+ SQL Basics:   https://bit.ly/3Bd9nFu


Best Courses for Programming:
---------------------------------------------------------------------------------------------------------
+ Data Science in R:   https://bit.ly/3RhvfFp
+ Python for Everybody:   https://bit.ly/3ARQ1Ei
+ Data Structures & Algorithms:   https://bit.ly/3CYR6wR


Best Courses for Machine Learning:
---------------------------------------------------------------------------------------------------------
+ Math Prerequisites:  https://bit.ly/3ASUtTi
+ Machine Learning:   https://bit.ly/3d1QATT
+ Deep Learning:   https://bit.ly/3KPfint
+ ML Ops:   https://bit.ly/3AWRrxE


Best Courses for Statistics:
---------------------------------------------------------------------------------------------------------
+ Introduction to Statistics: https://bit.ly/3QkEgvM
+ Statistics with Python:  https://bit.ly/3BfwejF
+ Statistics with R:  https://bit.ly/3QkicBJ


Best Courses for Big Data:
---------------------------------------------------------------------------------------------------------
+ Google Cloud Data Engineering:   https://bit.ly/3RjHJw6
+ AWS Data Science:   https://bit.ly/3TKnoBS
+ Big Data Specialization:   https://bit.ly/3ANqSut


More Courses:
---------------------------------------------------------------------------------------------------------
+ Tableau:   https://bit.ly/3q966AN
+ Excel:   https://bit.ly/3RBxind

+ Computer Vision:   https://bit.ly/3esxVS5
+ Natural Language Processing:   https://bit.ly/3edXAgW

+ IBM Dev Ops:   https://bit.ly/3RlVKt2
+ IBM Full Stack Cloud:    https://bit.ly/3x0pOm6
+ Object Oriented Programming (Java):   https://bit.ly/3Bfjn0K

+ TensorFlow Advanced Techniques: https://bit.ly/3BePQV2
+ TensorFlow Data and Deployment: https://bit.ly/3BbC5Xb
+ Generative Adversarial Networks / GANs (PyTorch): https://bit.ly/3RHQiRj


Become a Member of the Channel! https://bit.ly/3oOMrVH
Follow me on LinkedIn! https://www.linkedin.com/in/greghogg/


Full Disclosure:
Please note that I may earn a commission for purchases made at the above sites! I strongly believe in the material provided; I only recommend what I truly think is great. If you do choose to make purchases through these links; thank you for supporting the channel, it helps me make more free content like this!","['Machine Learning', 'Data Science', 'Python', 'Deep Learning', 'ML', 'DL', 'Py', 'Jupyter', 'Colab', 'Tutorial', 'Step by Step', 'TensorFlow', 'Spark', 'PySpark', 'Big Data', 'Data', 'Neural Networks', 'Data Scientist', 'Sklearn', 'Scikit-Learn', 'Keras', 'NumPy', 'Pandas']",27,PT4M25S,false,True,en,{},26,2,0,0,2023-12-18 23:00:52
KaXyi9v6f_c,UCJublDh2UsiIKsAE1553miw,2023-12-18T13:00:15Z,Easy Linked List Question! | Merge Two Sorted Lists - Leetcode 21,"leetcode, coding interview question, data structures, data structures and algorithms, faang","['leetcode', 'coding interview question', 'data structures', 'data structures and algorithms', 'backtracking', 'permutations']",27,PT59S,false,True,en,{},3499,207,0,6,2023-12-18 23:00:52
TxqAnX8jqFg,UCJublDh2UsiIKsAE1553miw,2023-12-18T01:00:10Z,WTF is this Coding Question??? | Leetcode 875 - Koko Eating Bananas,"leetcode, coding interview question, data structures, data structures and algorithms, faang","['leetcode', 'coding interview question', 'data structures', 'data structures and algorithms', 'backtracking', 'permutations']",27,PT1M,false,True,en,{},6560,413,0,12,2023-12-18 23:00:52
a-R9cNVIw70,UC79Gv3mYp6zKiSwYemEik9A,2023-12-18T12:02:28Z,"Causal AI in Decision Making (with Paul HÃ¼nermund, Assistant Professor, Copenhagen Business School)","Paul HÃ¼nermund is an Assistant Professor of Strategy and Innovation at Copenhagen Business School. In his research, Dr. HÃ¼nermund studies how firms can leverage new technologies in the space of machine learning and artificial intelligence such as Causal AI for value creation and competitive advantage. His work explores the potential for biases in organizational decision-making and ways for managers to counter them. It thereby sheds light on the origins of effective business strategies in markets characterized by a high degree of technological competition and the resulting implications for economic growth and environmental sustainability. 

His work has been published in The Journal of Management Studies, the Econometrics Journal, Research Policy, Journal of Product Innovation Management, International Journal of Industrial Organization, MIT Sloan Management Review, and Harvard Business Review, among others. 

In the full episode, Richie and Paul explore Causal AI, its differences when compared to other forms of AI, use cases of Causal AI in fields like drug development, marketing, manufacturing, and defense. They also discuss how Causal AI contributes to better decision-making, the role of domain experts in getting accurate results, what happens in the early stages of Causal AI adoption, exciting new developments within the Causal AI space and much more. 

Find DataFramed on DataCamp https://www.datacamp.com/podcast

and on your preferred podcast streaming platform:

Apple Podcasts:
https://podcasts.apple.com/us/podcast/dataframed/id1336150688

Spotify:
https://open.spotify.com/show/02yJXEJAJiQ0Vm2AO9Xj6X?si=d08431f59edc4ccd

Google Podcasts:
https://podcasts.google.com/feed/aHR0cHM6Ly9mZWVkcy5jYXB0aXZhdGUuZm0vZGF0YWZyYW1lZC8",[],24,PT5M29S,false,False,,{},73,3,0,0,2023-12-18 23:00:52
0DjBBlHbB_8,UC79Gv3mYp6zKiSwYemEik9A,2023-12-18T11:07:31Z,"#168 Causal AI in Business with Paul HÃ¼nermund, Assistant Professor, Copenhagen Business School","There are a few caveats to using generative AI tools, those caveats have led to a few tips that have quickly become second nature to those that use LLMs like ChatGPT. The main one being: have the domain knowledge to validate the output in order to avoid hallucinations. Hallucinations are one of the weak spots for LLMs due to the nature of the way they are built, as they are trained to correlate data in order to predict what might come next in an incomplete sequence. Does this mean that weâ€™ll always have to be wary of the output of AI products, with the expectation that there is no intelligent decision-making going on under the hood? Far from it. Causal AI is bound by reasonâ€”rather than looking at correlation, these exciting systems are able to focus on the underlying causal mechanisms and relationships. As the AI field rapidly evolves, Causal AI is an area of research that is likely to have a huge impact on a huge number of industries and problems. 

Paul HÃ¼nermund is an Assistant Professor of Strategy and Innovation at Copenhagen Business School. In his research, Dr. HÃ¼nermund studies how firms can leverage new technologies in the space of machine learning and artificial intelligence such as Causal AI for value creation and competitive advantage. His work explores the potential for biases in organizational decision-making and ways for managers to counter them. It thereby sheds light on the origins of effective business strategies in markets characterized by a high degree of technological competition and the resulting implications for economic growth and environmental sustainability. 

His work has been published in The Journal of Management Studies, the Econometrics Journal, Research Policy, Journal of Product Innovation Management, International Journal of Industrial Organization, MIT Sloan Management Review, and Harvard Business Review, among others. 

In the full episode, Richie and Paul explore Causal AI, its differences when compared to other forms of AI, use cases of Causal AI in fields like drug development, marketing, manufacturing, and defense. They also discuss how Causal AI contributes to better decision-making, the role of domain experts in getting accurate results, what happens in the early stages of Causal AI adoption, exciting new developments within the Causal AI space and much more. 

Find DataFramed on DataCamp https://www.datacamp.com/podcast

and on your preferred podcast streaming platform:

Apple Podcasts:
https://podcasts.apple.com/us/podcast/dataframed/id1336150688

Spotify:
https://open.spotify.com/show/02yJXEJAJiQ0Vm2AO9Xj6X?si=d08431f59edc4ccd

Google Podcasts:
https://podcasts.google.com/feed/aHR0cHM6Ly9mZWVkcy5jYXB0aXZhdGUuZm0vZGF0YWZyYW1lZC8

Links Mentioned in the Show:

Causal Data Science in Business - https://p-hunermund.com/2019/05/06/causal-data-science-in-business/#more-4979

Causal AI by causaLens - https://causalens.com/why-causal-ai/

Intro to Causal AI Using the DoWhy Library in Python - https://www.datacamp.com/tutorial/intro-to-causal-ai-using-the-dowhy-library-in-python

Lesson: Inference (causal) models - https://campus.datacamp.com/courses/machine-learning-for-business/machine-learning-types?ex=4",[],24,PT57M38S,false,False,,{},83,4,0,0,2023-12-18 23:00:52
7d9ZTlhkL1o,UC79Gv3mYp6zKiSwYemEik9A,2023-11-30T09:39:20Z,4. Semantic Search with Pinecone - AI Code Along,"#ai #codealong #gpt #langchain #openai #pinecone #huggingface 

Code Along for Free Using DataCamp Workspace: https://www.datacamp.com/ai-code-alongs 

Vector databases enable semantic search - searching on the meaning of the text - to provide higher quality results than traditional keyword search. In this project, you'll learn how to use Pinecone, a popular vector database platform, to do this. You'll start by setting up a developer account with Pinecone and integrating it with Workspace, and learn how to ""embed text"" and import it into Pinecone, before using it for search. You'll also learn about embedding dimensions, distance metrics, and other concepts to control the performance of the results.

For a limited time, the Become an AI Developer code-along series is free for everyone. All you need is a free DataCamp account to begin. Simply sign up or log in to your account and start learning. Whether you're a beginner or an experienced developer, these code-alongs were designed by industry-leading experts with accessibility in mind. Get started today and be part of the AI revolution!

Get started here! https://www.datacamp.com/ai-code-alongs

Find other code alongs in this series: https://youtube.com/playlist?list=PLjgj6kdf_snbrEI-BgJh36tNcemL2kdbS&si=sKRkj_z4D9x_myJK

Deepen your understanding of AI: https://www.datacamp.com/search?q=ai","['ai', 'code along', 'gpt', 'langchain', 'openai', 'pinecone', 'huggingface']",24,PT51M12S,false,False,,{},2,0,0,0,2023-12-18 23:00:52
8JV9j5Ke7U4,UCDybamfye5An6p-j1t2YMsg,2023-12-18T13:00:09Z,The Advantages of a Graduate Scheme  #dataanalyst #businessanalyst #career,Data Analyst/Husband interviews Business Analyst/Wife.,[],22,PT47S,false,True,,{},353,13,0,0,2023-12-18 23:00:52
